username,avg_rating,num_reviews,avg_sentiment
00Gambler,5.0,1,0.6249
1191946,5.0,1,0.836
143d,5.0,1,0.9156
1PersonalShopper,5.0,1,0.9524
3rd2last,5.0,1,0.8858
4shopper,4.0,1,0.4404
911got2buy,5.0,1,0.9674
9305,5.0,1,0.5719
AB79,5.0,1,0.8934
AEBY,5.0,1,0.0
AG025,4.0,1,0.946
AJ10,4.0,1,0.7841
AJ9999,4.0,1,0.4404
AJVarma,3.0,1,0.9747
AL2016,5.0,1,0.6908
ALV70,5.0,1,0.7579
AMFJR,5.0,1,0.6908
APDavid,5.0,1,0.6249
AZ23b,3.0,1,0.9186
Abriryan,5.0,1,0.8481
Aces,5.0,1,0.8834
Acidburn1,4.0,1,0.5719
Acmw,4.0,1,0.6369
Adapter,5.0,1,0.8126
Adoradora,5.0,1,0.8402
Aerow,5.0,1,0.9732
Al111,5.0,1,0.0
Alane,5.0,1,0.8934
Albu,5.0,1,0.4588
Alexcast01,5.0,1,0.3612
Alf56,5.0,1,0.7579
Alfeca,5.0,1,0.9869
AlliP,5.0,1,0.6249
Amethyst2380,5.0,1,0.9117
Amiekat,5.0,1,0.9477
Amylynn88,4.0,1,0.6908
Andersonlloyd2,5.0,1,0.3384
Andrew,5.0,2,0.7969999999999999
Andy,4.666666666666667,3,0.647
Angelala,4.0,1,0.7859
AngieB,5.0,1,0.8622
Anne,5.0,1,0.836
AnneG,5.0,1,0.296
Anonymous,4.5,2,0.7422
Anteamma,5.0,1,0.7906
Apple,5.0,1,0.6124
April,5.0,1,0.886
Aria,1.0,1,0.765
Armyacu,5.0,1,0.7579
Arthur,5.0,1,0.0
ArthurEdmonds,5.0,1,0.3612
Ashish,3.0,1,0.6597
Atwilliam,5.0,1,0.8481
Avery,4.0,1,0.7783
Awesomelena,5.0,1,0.6486
Azgurl27,4.0,1,0.9845
BBloyal,5.0,1,0.744
Babym494,5.0,1,0.9231
Ballernova,5.0,1,0.6124
Bangle78,4.0,1,0.8442
BarbLilly,4.0,1,0.4404
Barisch,4.0,1,0.7625
Barnes,5.0,1,0.4404
BarryAllen7,5.0,1,0.6597
Bartig69,5.0,1,0.6369
Bdogg,5.0,1,0.7003
Bearman,5.0,1,0.743
Becky,5.0,1,0.891
BeeRocker,5.0,1,0.8591
Beech,5.0,1,0.0
Bella,5.0,1,0.7096
BellaA,4.0,1,0.4019
Belle,5.0,1,0.0772
BenNguyen,4.0,1,0.5859
BennyJames,4.0,1,0.8519
Bernie,5.0,1,0.8074
Berta,5.0,1,0.6597
BestBuyFAN,5.0,1,0.9274
BestBuyJM,4.0,1,0.9545
BestBuyLover,4.0,1,0.0992
BestBuyMember,5.0,1,0.4404
Betty,4.0,1,0.7269
BigDaddyDan,5.0,1,0.25
BigJohnBlueState,4.0,1,0.9826
BiggerTigger,5.0,1,0.7717
Bill,4.666666666666667,3,0.6965
BkLounge,4.0,1,0.6115
BlackMoon,3.0,1,0.4404
Blikechrist16,5.0,1,0.875
BlindSeer,4.0,1,0.101
Blonger,5.0,1,0.8176
Bluedog101,5.0,1,0.8316
Bob061,4.0,1,0.8689
BobS,4.0,1,0.8658
Bobby,5.0,1,0.4932
BobbyK,5.0,1,0.8439
Bookie,4.0,1,0.128
Boopette,4.0,1,0.0772
Brandon,1.0,1,0.6442
Brathead,5.0,2,0.77
Brett,4.0,1,0.9678
BrianP,5.0,1,0.875
BrianfromCulver,5.0,1,0.8555
Brianna,5.0,1,0.836
Britta,4.0,1,0.6705
Bturner,5.0,1,0.7783
Bubba,5.0,2,0.6473
BuckeyeKid,5.0,1,0.5719
Bucky913,5.0,1,0.8643
BudVette,5.0,1,0.8481
Buddy,5.0,1,0.6597
Buqui,5.0,1,0.5267
Burt3475,5.0,1,0.938
Butch,5.0,2,0.76545
Buyer,5.0,1,0.91
Buyer1,4.0,1,0.8271
By4ks2015,5.0,1,0.743
By951Jimbo,5.0,1,0.6124
ByA. Boyd,4.0,1,0.6901
ByA. R. Colon,5.0,1,0.765
ByA. Spivey,5.0,1,-0.4215
ByA. Taylor,5.0,1,0.9638
ByADAM,5.0,1,0.6249
ByAG,5.0,1,0.6249
ByAJ,5.0,1,-0.4019
ByAK,5.0,1,0.6249
ByAZNickW,5.0,1,0.7156
ByAaron,5.0,1,0.0
ByAdam,4.5,2,0.5448
ByAlan Stouffer,5.0,1,0.34
ByAlaska Moutian Man,1.0,1,0.2732
ByAlbert J. Swartz,5.0,1,0.6808
ByAlex,5.0,1,0.5267
ByAlex P.,5.0,1,0.0
ByAlgie,4.0,1,0.7351
ByAmanda M.,5.0,1,0.0094
ByAmazon Customer,4.382352941176471,34,0.4561058823529412
ByAmazon customer,5.0,1,0.4404
ByAmigaman,5.0,1,0.8628
ByAmy Bol,1.0,1,0.8481
ByAmy Stowe,5.0,1,0.8074
ByAndre M.,5.0,1,0.6908
ByAngelsBayCom,5.0,1,0.0
ByAngie Lembo,5.0,1,0.1779
ByAnne P.,5.0,1,-0.4019
ByAnonz,2.0,1,0.5325
ByAnthea R. Close,5.0,1,0.6486
ByArdvaark1965,5.0,1,0.6908
ByAshley Mervin,5.0,1,0.6808
ByAshley Schoeppner,5.0,1,0.7549
ByAustin H,5.0,1,0.6124
ByB3,4.0,1,0.6486
ByBIGGUY,5.0,1,0.7184
ByBOS116,5.0,1,0.4939
ByBR,5.0,1,0.2732
ByBSBoggs,5.0,1,0.6369
ByBarbara Cheney,5.0,1,0.4404
ByBeachdog7,5.0,1,0.8074
ByBebes papa,5.0,1,0.4215
ByBeck,1.0,1,0.6705
ByBetty,5.0,1,0.0
ByBlaze501,3.0,1,-0.25
ByBluesHawk707,5.0,1,0.9565
ByBogart,5.0,1,0.0
ByBrenda jefferson,5.0,1,0.6249
ByBruce,1.0,1,0.4404
ByBryan Pike,5.0,1,0.7003
ByBuffalo,5.0,1,0.802
ByBurnboss,4.0,1,0.8779
ByC,4.0,1,0.9984
ByC. G.,5.0,1,0.8442
ByC. J. L,3.0,1,0.0
ByC. McCurdy,5.0,1,0.6486
ByC. Rob,5.0,1,0.891
ByCSACH,5.0,1,0.4939
ByCSDennett,1.0,1,0.0
ByCallaLilly101,5.0,1,0.4215
ByCambridgecanal,4.0,1,0.6249
ByCaptive Yet Free,5.0,1,0.5719
"ByCarl Franklin, JD/PhD",5.0,1,0.8221
ByCarla,5.0,1,0.2732
ByCarlos Bloodworth,5.0,1,-0.1027
ByCarlos Smittera,5.0,1,0.6249
ByCatfish 777,5.0,1,0.4404
ByCathy A. Harvey,5.0,1,0.4404
ByCathy Watson,5.0,1,0.6249
ByChaparr0,5.0,1,0.4404
ByCharles,4.0,1,0.4939
ByCharlie,5.0,1,0.7351
ByCheryle T.,5.0,1,0.2716
ByChickey,4.0,1,0.4404
ByChris C,5.0,1,0.7096
ByChristine,5.0,1,0.7096
ByChristopher,5.0,1,0.8934
ByChristopher Huskins,5.0,1,0.8402
ByChristopher Malone,5.0,1,0.6249
ByChristopher daves,5.0,1,0.6249
ByChuck,5.0,1,0.7003
ByCindy Hall,5.0,1,0.9423
ByClayTheMan,5.0,1,0.4404
ByCo-Create,4.0,1,0.2263
ByCobra911,5.0,1,0.6249
ByCody,3.0,1,0.5574
ByCollin B.,4.0,1,0.8016
ByConnie,3.0,1,0.6705
ByCorey L.,5.0,1,0.6124
ByCoy,5.0,1,0.4019
ByCrafty carol,5.0,1,0.9001
ByCraig,5.0,1,0.8316
ByCrystal,4.0,1,0.2023
ByCurious Kash,5.0,1,0.9136
ByCurtis Taylor Numberg,4.0,1,-0.8428
ByDB,5.0,1,0.9318
ByDC,4.0,1,0.8074
ByDLN,1.0,1,0.2732
ByDS-Says,5.0,1,0.4404
ByDV Seel,5.0,1,0.8481
ByDVDdog,4.0,1,0.4404
ByDZ,5.0,1,0.7351
ByDanangDoc,4.0,1,0.0
ByDarrell O'connor,5.0,1,0.7717
ByDave,5.0,1,0.7964
ByDave B,5.0,1,0.8957
ByDavid A.,5.0,1,0.6808
ByDavid F. Daniels,5.0,1,0.8316
ByDavid Huber,5.0,1,0.6249
ByDavid L. Casey,5.0,1,0.7184
ByDavyo,5.0,1,0.7474
ByDeKalz,5.0,1,0.0
ByDean A. Park,5.0,1,0.5719
ByDebbie Baer,5.0,1,0.8357
ByDebra Kozlowski,3.0,1,0.4767
ByDennis,5.0,1,0.8384
ByDennis L Monroe,5.0,1,0.6249
ByDiane ault,1.0,1,0.5719
ByDion Rohr,5.0,1,0.7783
ByDoctor Mickey,5.0,1,0.5719
ByDoug,5.0,1,0.2732
ByDouglas W. Fielder,5.0,1,0.4404
ByDr. Todd,5.0,1,0.8519
ByDuffer.,5.0,1,0.8718
ByDylan O.,5.0,1,0.7906
ByDylon,5.0,1,0.8271
ByET,2.0,1,0.0
ByEdward J. Nemec,5.0,1,0.9169
ByElizabeth A. English,1.0,1,-0.3612
ByEvan George,5.0,1,0.4404
ByF A Howayeck Jr,5.0,1,0.802
ByF. Weyerts,5.0,1,0.6369
ByFabiola Sarabia,5.0,1,0.9001
ByFar2Organized,2.0,1,-0.6705
ByFireSpirit Designs,5.0,1,0.0516
ByFlint,5.0,1,0.5719
ByFlip Flop Life,2.0,1,0.7964
ByFooish,5.0,1,0.4215
ByFranklin Moreno Celis,5.0,1,0.0
ByFreestyle Freddy,4.0,1,0.0
ByG Bizzle,5.0,1,0.4939
ByGG,5.0,1,0.7096
ByGPN,5.0,1,0.4215
ByGULICK GRINGO,4.0,1,0.4404
ByGary,5.0,1,0.4019
ByGary H. Labowitz,5.0,1,0.4939
ByGeorge T. Sumner,4.0,1,0.296
ByGiacomo,5.0,1,0.6249
ByGreg,5.0,1,0.8885
ByGuitarGuy310,5.0,1,0.765
ByH. Michael Siesel,4.0,1,0.7003
ByHOVI HATTER,5.0,1,0.9559
ByHappyGrumpy,5.0,1,0.4404
ByHeathenbill,1.0,1,-0.6486
ByHeather,5.0,1,0.5719
ByHeather Terry aka Triplet Mom,5.0,1,0.9328
ByHenry W,5.0,1,-0.3818
ByHoneyBun,5.0,1,0.8622
ByILIR17,5.0,1,0.9336
ByIma Rascal,4.0,1,0.8442
ByIris Castillo,5.0,1,0.765
ByJ C.,2.0,1,0.0
ByJ. Cass,2.0,1,-0.7512
ByJ. Doyle,5.0,1,0.9595
ByJ. Random Hacker,1.0,1,-0.4767
ByJHR,2.0,1,0.6486
ByJJMI,5.0,1,0.7783
ByJOSH,5.0,1,0.6249
ByJR,5.0,1,0.8834
ByJack C Kassapian,5.0,1,0.6249
ByJack W,1.0,1,-0.7506
ByJake,5.0,1,0.1779
ByJames M. Kelly,5.0,1,0.4588
ByJane.Fors,5.0,1,0.6249
ByJared E. Hayter,5.0,1,0.25
ByJared Murphy,2.0,1,0.4215
ByJeff T.,5.0,1,0.1779
ByJen,5.0,1,0.9462
ByJen-nay,5.0,1,0.9281
ByJennifer,5.0,1,-0.8442
ByJennifer R Becker,5.0,1,0.6249
ByJerene Montelibano,5.0,1,0.9001
ByJerry Carrell,2.0,1,0.25
ByJessica,5.0,1,-0.2755
ByJim D. Miller,5.0,1,0.4404
ByJim MCO,5.0,1,0.4588
ByJimbosocal,4.0,1,0.0
ByJnzWorld,5.0,1,0.8689
ByJoan Patterson Garcia,5.0,1,0.7269
ByJoe Brown,5.0,1,0.9349
ByJoes Garage,5.0,1,0.4404
ByJohn A. John,5.0,1,0.6908
ByJohn Arthur Lee (author of Bound to Eve),5.0,1,0.926
ByJohn Blais,5.0,1,0.0
ByJohn LMan,5.0,1,0.4404
ByJohnny,5.0,1,0.5574
ByJonathan,5.0,1,0.6249
ByJosebetzy,5.0,1,0.8807
ByJosh larson,5.0,1,0.7906
ByJoshua,5.0,1,0.4404
ByJoshua B.,5.0,1,0.9081
ByJoshua and Nikki,5.0,1,0.9153
ByJuan Martinez,5.0,1,0.0
ByJudy,5.0,1,0.875
ByJust a guy,5.0,1,0.3089
ByK. Bender,5.0,1,0.6597
ByK. Kevelin,5.0,1,0.6249
ByK. Powell,5.0,1,0.6597
ByK.R.,3.0,1,0.6808
ByK2,5.0,1,0.0
ByKate,5.0,1,0.8271
ByKeeks,5.0,1,0.6046
ByKeith,3.0,2,0.21700000000000003
ByKeith D,5.0,1,0.6249
ByKelly,5.0,1,-0.4019
ByKemal,5.0,1,0.0
ByKen Voss,4.0,1,0.0
ByKen Walker,5.0,1,0.8689
ByKendrick Rivera,5.0,1,-0.0516
ByKimo,4.0,1,0.0
ByKindle Customer,5.0,2,0.66845
ByKipper,5.0,1,0.0754
ByKitty,5.0,1,0.8126
ByLINDA PROWELL SMITH,4.0,1,0.4404
ByLMP,5.0,1,0.7003
ByLRS021054,5.0,1,0.7003
ByLacey,5.0,1,0.7906
ByLana Baker,4.0,1,0.6369
ByLaropy,5.0,1,0.8591
ByLarry Pittman,5.0,1,0.9201
ByLaura,1.0,1,0.3612
ByLemonAIDS,5.0,1,0.4404
ByLeria Draven,5.0,1,0.6249
ByLexMan,5.0,1,0.4404
ByLin,4.0,1,0.6808
ByLinda R,5.0,1,0.2732
ByLisa,5.0,1,0.891
ByLisa Marie,5.0,1,0.34
ByLizzy,5.0,1,0.7003
ByLorraine Lake,5.0,1,0.9217
ByLucas Rifkin,5.0,1,0.5868
ByLuckyLeeLee,5.0,1,0.5994
ByLuis A Molina,5.0,1,0.5719
ByLuis Dyer,5.0,1,0.34
ByLydia Kreisher,5.0,1,0.9081
ByLynn Pendegrass,5.0,1,0.7264
ByM. B.,5.0,1,0.4215
ByM. Earle,5.0,1,0.765
ByMC,1.0,1,0.3182
ByMF Brown,5.0,1,0.6249
ByMG,4.0,1,0.3612
ByMJ,4.0,1,0.2732
ByMJDubz,4.0,1,0.91
ByMamaVee,5.0,1,0.9766
ByMarc Strand,5.0,1,0.8176
ByMariB,5.0,1,0.765
ByMark A. Hougham,1.0,1,0.6369
ByMark Spencer,5.0,1,0.8402
ByMartin Cohen,2.0,1,-0.5423
ByMarty,5.0,1,0.7906
ByMaryellen Honkomp,5.0,1,0.0
ByMat H.,3.0,1,0.0
ByMatthew,5.0,1,0.0
ByMatthew B.,5.0,1,0.7269
ByMeatballMom,5.0,1,0.9001
ByMersch,5.0,1,0.7506
"ByMetro Exteriors, Inc.",5.0,1,0.6249
ByMichael,5.0,1,0.7717
ByMichael C. Burrell,5.0,1,0.4404
ByMichael John Francis,5.0,1,0.4588
ByMike2014,1.0,1,0.431
ByMikeRigel,5.0,1,0.8176
ByMisty,5.0,1,0.5574
ByMoose MaGee,5.0,1,0.7003
ByMort Roberts,5.0,1,0.7003
ByMr Graphics,5.0,1,0.4404
ByMr. McButton,5.0,1,0.9519
ByMrHulett,5.0,1,0.4404
ByMs.Bane,5.0,1,0.6124
ByMyopinionmatters,5.0,1,0.7964
ByNaMa,5.0,1,0.0258
ByNancy,5.0,1,0.6249
ByNate,1.0,1,0.296
ByNeeko,5.0,1,0.8519
ByNiqueFit,5.0,1,0.4404
ByNorman,5.0,1,0.6908
ByOLT,4.0,1,0.5859
ByObe,5.0,1,0.0
ByOli S.,5.0,1,0.1779
ByOregon Ron,5.0,1,0.7003
ByP. Goldsmith,5.0,1,0.7096
ByPainter Marlow,5.0,1,0.8625
ByPapaJ,5.0,1,0.8979
ByPatricia M. Dashiell,5.0,1,0.7906
ByPatsy E. Verhoeven,5.0,1,0.6486
ByPaul,5.0,1,0.7906
ByPaul A. Dietrich,5.0,1,0.8555
ByPaul A. Mccloud,4.0,1,0.4404
ByPaul J.,2.0,1,-0.4228
ByPaul Kruger,5.0,1,0.0
ByPez,5.0,1,0.7906
ByPhilly,5.0,1,0.8481
ByPickles,5.0,1,0.8481
ByR G B Amazon Customer,5.0,1,0.6249
ByR. Hipp,3.0,1,-0.5267
ByR. Jones,5.0,1,0.6597
ByRAUL GOMEZ,5.0,1,0.7506
ByRJS,5.0,1,0.7096
ByROBERT BERNACCHI,5.0,1,0.7906
ByRaeyin,5.0,1,0.7351
ByRandy,5.0,1,0.6249
ByRaodmo,5.0,1,-0.2057
ByRatherLiveInKeyWest,5.0,1,0.4588
ByRaymond Gilmore,5.0,1,0.6249
ByRenee Hoffman,5.0,1,0.8402
ByRichard,5.0,1,0.836
ByRichard W.,5.0,2,0.5710999999999999
ByRick,5.0,1,0.9001
ByRick D.,5.0,1,0.6249
ByRick Moody,5.0,1,0.3182
ByRicky,5.0,1,0.886
ByRobbie,5.0,1,0.8008
ByRoman E Ramirez,4.0,1,0.9628
ByRonski,5.0,1,0.6124
ByRory P. Biggins,5.0,1,0.4404
ByRoxann Castrogiovanni,5.0,1,0.872
ByRyann,5.0,1,0.9022
ByS Kennedy,4.0,1,0.4404
ByS. Nash,3.0,1,0.1779
BySCPTX,5.0,1,0.6908
BySMK,3.0,1,0.4588
BySamuel D. Thomas,4.0,1,0.0
BySan,5.0,1,0.8555
BySandra Sal,4.0,1,0.4404
BySandra Smith,5.0,1,0.7579
BySands,5.0,1,0.6249
BySarah,3.0,2,0.0038499999999999646
BySarah R Bennett,5.0,1,0.921
ByScott and Rae,5.0,1,0.6249
ByScottB,5.0,1,0.7906
BySearch and Buy,2.0,1,-0.6414
BySharon Kane,5.0,1,0.0
BySharon Lambert,5.0,1,0.7003
BySherry H.,5.0,1,0.836
ByShirtGuy,5.0,1,-0.5267
ByShopInNC,2.0,1,0.8481
BySilverLane,4.0,1,0.6124
BySis,5.0,1,0.9136
ByStacey Bic,5.0,1,0.6124
ByStacia Lynn,4.0,1,0.0
BySue and Noel,5.0,1,0.4404
BySuperstar,5.0,1,0.0
BySusie 28,5.0,1,0.8316
ByT. Bicehouse,5.0,1,0.6249
ByTMB,5.0,1,0.3612
ByTWEagle,5.0,1,0.6369
ByTXcust,5.0,1,0.8519
ByTarandeep Singh,5.0,1,0.936
ByTeamBOAH,5.0,1,0.6249
ByTech Junkie,5.0,1,0.5859
ByTerry Ramey,3.0,1,0.0
ByTheHoskins12,5.0,1,0.765
ByTheater Geek,5.0,1,0.7178
ByTim,5.0,1,0.9925
ByTim Fisher,5.0,1,0.8271
ByTime Factory,1.0,1,-0.4767
ByTimothy Neal,2.0,1,-0.0516
ByTomNmineola,5.0,1,0.7184
ByTravis C.,5.0,1,0.4215
ByTravis McDowell,5.0,1,0.7096
ByTrishawn Jenkins,5.0,1,0.6249
ByTroy Simmons,5.0,1,0.7841
ByVicki L. Armstrong,5.0,1,0.7096
ByVsyan2418,5.0,1,0.7783
ByWTIndiana,5.0,1,0.6486
ByWalter E. Kaiser,4.0,1,0.5888
ByWanda,5.0,1,0.9441
ByWhistlers Mom,5.0,1,0.9804
ByWilliam,5.0,1,0.8481
ByWilliam A Gioiosa,5.0,1,0.6249
ByWilliam Pittman,5.0,1,0.1779
ByWoody,5.0,1,0.7579
ByWoot,5.0,1,0.3182
ByWorking Mom,5.0,1,0.1779
ByYossi M.,5.0,1,0.6249
Byaardvark,5.0,1,0.8885
Byakhilscher,5.0,1,0.872
Byanosh,5.0,1,0.6249
Byashleyv013,5.0,1,0.802
Bybejenerous,5.0,1,0.9169
Bybrian perez,5.0,1,0.4404
Bybutter123,4.0,1,0.4404
Bychillpills,5.0,1,0.765
Bycpaynenj,5.0,1,0.8316
Byd'Isigny,3.0,1,0.8313
Bydstrausser83,5.0,1,0.9477
Bye,5.0,1,0.3612
Byed ziringer,5.0,1,0.4404
Byedwina,5.0,1,0.8126
Byelan,5.0,1,0.6249
Byelizabeth,1.0,1,0.4404
Byfredrick m. gjedde,4.0,1,0.4404
Bygentlman4u,5.0,1,0.2732
Byger yang,3.0,1,-0.6908
Byharrinpt,5.0,1,0.6249
Byihavenewnike,5.0,1,0.7845
Byirenegirl,1.0,1,0.0
Byjanebell,5.0,1,0.1672
Byjanet,5.0,1,-0.4019
Byjohn,4.0,1,0.0
Bykaren oakes,4.0,1,0.0
Bykaren reynolds,5.0,1,0.8271
Bykcanel,3.0,1,0.0
Bykspol,5.0,1,0.4767
Bylinda,5.0,1,0.6249
Bylionelwurzelprinz,5.0,1,0.8555
Bymarichal,5.0,1,0.7003
Bymark sexson,5.0,1,0.6124
Bymerle,3.0,1,0.7717
Bymuriel,5.0,1,0.3612
Byprecious,5.0,1,0.0
Byralph,5.0,1,0.9516
Byrichard chambers,1.0,1,-0.6486
Byrobtay7,5.0,1,0.7579
Byrock,5.0,1,0.765
Byrockinshoe,4.0,1,-0.3089
Bysheila ware,5.0,1,0.0
Byskiperbear,4.0,1,-0.4767
Byslick55,1.0,1,-0.4215
Bytyler,5.0,1,0.3818
Bywayne,5.0,1,0.2732
Bywilliam kern,5.0,1,0.7906
Bywrrodger,5.0,1,0.9591
CJCJ,4.0,1,0.7269
CJLe,4.0,1,0.5106
Ca2az01,4.0,1,0.7506
Caddie,5.0,1,0.8481
Calebcayley,5.0,1,0.5563
Candy,5.0,1,0.0
Carlos,4.0,1,0.4404
CarolDD,5.0,1,0.7351
Carole,5.0,1,0.9618
Carolyn,4.0,1,0.8225
Carter,5.0,1,0.8655
Catdaddy,5.0,1,0.8074
Champ,5.0,1,0.4201
Charlie,5.0,1,0.7845
Charmi,5.0,1,0.4404
Chartholomew,4.0,1,-0.1935
Chasemang,5.0,1,0.7096
Chavez,5.0,1,0.9403
Cheapo,5.0,1,0.8176
Cheryl,5.0,1,0.3612
Chillypr,3.0,1,0.4588
Chris,4.25,4,0.471425
ChrisV,5.0,1,0.765
Christian,5.0,1,0.9803
Christine,5.0,1,-0.4767
ChucklesTheCheat,4.0,1,0.979
CitizenOfTheWorld,4.0,1,0.9565
Cjchumilo,5.0,1,0.8957
Ckkparker,3.0,1,0.4588
Cmart,5.0,1,0.9186
CoCo,5.0,1,0.9517
Codeman,4.0,1,0.8979
Collegekid,5.0,1,0.6369
ConMae,5.0,1,0.7783
Connie,5.0,1,0.8807
ConnieMae,5.0,1,0.4902
Cooldad,5.0,1,0.9042
Crafty,5.0,1,0.7269
Craig,5.0,1,0.8126
Cricket,5.0,1,0.7717
Cricket57,5.0,1,0.9477
Crys,5.0,1,0.7408
CrystalBlue,4.0,1,0.9118
Curlygirl,5.0,1,0.936
D7A8,5.0,1,0.4404
DARREN,5.0,1,0.6249
DARREN1,5.0,1,0.7096
DC74,5.0,1,0.9313
DCMack,5.0,1,0.8519
DDMM,5.0,1,0.7506
DEBBIE,5.0,1,0.7003
DGray,5.0,2,0.86355
DJ14,5.0,1,0.4939
DJMom,5.0,1,0.4404
DJTrey,5.0,1,0.9096
DLC320,5.0,1,0.8824
DLynne,5.0,1,0.9468
DMO5,4.0,1,0.8934
DMS13,5.0,1,0.8979
DMarq,5.0,1,0.9246
DSuite,4.0,1,0.7184
DanB,5.0,1,0.9643
Dana,5.0,1,0.0
Danny,5.0,2,0.65535
Darjon,5.0,1,0.8832
Darkbrotha,5.0,1,0.9042
Dave,4.25,4,0.562175
DaveGr,4.0,1,0.4404
DaveZ,5.0,1,0.4404
David,4.5,2,0.33575
Dawna,5.0,1,0.6369
Dcurtis7731,5.0,1,0.6369
Deanna58,5.0,1,0.765
Debbie,4.5,2,0.6649499999999999
DeeM,3.0,1,-0.2263
DerrickC,5.0,1,0.8074
Devonna,4.0,1,0.4404
Dewy,5.0,1,0.9612
Dgotcherjr,5.0,1,0.6486
DiDi,5.0,1,0.7003
Disappointed,2.0,1,0.0258
Dissfunkshonal,5.0,1,0.9477
Diver440,5.0,1,0.6369
Djoyner,4.0,1,0.8689
Dmax06,5.0,1,0.4404
Doctros,5.0,1,0.8622
Dodgerfan1,5.0,1,0.8503
DonJ,4.0,1,0.7506
Donnaktz1956,5.0,1,0.8519
Dooley,4.0,1,0.7845
Doug,5.0,1,0.8689
Dranktheapplejuice,5.0,1,0.9657
Drewsdad,5.0,1,0.7351
Droi,4.0,1,0.8885
Dropp,4.0,1,0.91
Drummer2008,5.0,1,0.7506
Dsirman,5.0,1,0.6249
Dtweeter,5.0,1,0.9153
Ducky,5.0,1,0.9666
Duke,5.0,1,0.2263
Dundee,5.0,1,0.4939
DustinS,5.0,1,0.8481
Dwight,5.0,1,0.7964
DynaMan,5.0,1,0.34
EDrive,4.0,1,0.9468
EDstav,4.0,1,0.6249
Ebald,5.0,1,0.4404
Economessed,2.0,1,0.9201
Ed51648,5.0,1,0.8625
Edalex1013,5.0,1,0.0296
Eddie,5.0,1,0.6249
EddieG,5.0,1,0.0
Edge,4.0,1,0.9599
Ediddy,5.0,1,0.7397
Edie,5.0,1,0.2023
Eicfi,5.0,1,0.875
Elaine,4.0,1,0.7906
Elmo,5.0,1,0.8834
Epoks,5.0,1,0.8625
Eric,4.75,4,0.44884999999999997
Esch,5.0,1,0.872
Eswole,5.0,1,0.8271
Evie,5.0,1,0.5994
Evo24,5.0,1,0.9022
Ewilks,5.0,1,0.5994
ExpatTyke,5.0,1,0.4588
Factchecker,5.0,1,0.7096
Faith,5.0,1,0.4201
Faithfy,5.0,1,0.6801
Family5,3.0,1,0.2023
Farmboy,5.0,1,0.6369
Farmers,5.0,1,0.8481
Fashionista,4.0,1,0.9432
Fezzybear,5.0,1,0.9337
Fidget821,5.0,1,0.8271
Fievel22,3.0,1,0.8779
Fifa12machine,4.0,1,0.836
Figgy51,4.0,1,0.7717
FireHD8Tablet,5.0,1,0.7184
Firemedic,4.0,1,0.9246
Fish,5.0,1,0.891
Fishingbabe,5.0,1,0.9836
FlowerGirl,4.0,1,0.4215
Fogue,5.0,1,0.8519
Forshizzlemynizzle,4.0,1,0.0
Four,4.0,1,0.5719
Fran,4.5,2,0.6784
Frankie,5.0,1,-0.3182
Fredbear,5.0,1,0.4404
Frumius,5.0,1,0.0
GGinBC,5.0,1,0.5859
GOBstopper,2.0,1,0.765
GREAT,5.0,1,0.0
Gabigale1,5.0,1,0.8658
Gadget,4.0,1,0.5719
Ganamurthy,3.0,1,-0.2037
Gary,5.0,1,0.7906
GaryB,2.0,1,0.296
Gasman33,4.0,1,0.9975
Geeky76,5.0,1,0.4404
Gemini117,5.0,1,0.8481
GeminiBrenda,5.0,1,0.7964
Gemszky,5.0,1,0.8225
Gerry,5.0,1,0.5719
Gift,4.0,1,0.6369
Gigi,5.0,2,0.70855
Glorybound,5.0,1,0.6808
Goldduster,4.0,1,0.4939
Goober,5.0,1,0.9042
GoodHopeGal,5.0,1,0.8625
Govea219,5.0,1,0.9559
Gram,5.0,1,0.128
Gran,4.0,1,0.5267
GrandmaKay,5.0,1,0.5106
GrannyL,5.0,1,0.7579
Greensaber18,5.0,1,0.9118
Greg,5.0,1,0.8074
Gregschaub05,5.0,1,0.836
Grey,5.0,1,0.8481
Greybeard,5.0,1,0.6249
Grobles7,5.0,1,0.7964
GvilleGuy,4.0,2,0.9607
GwenG,4.0,1,0.9698
HDNut,4.0,1,0.8522
HDelbrucke,1.0,1,0.0505
HFCU,5.0,1,0.5719
HP09,4.0,1,0.8481
Happy60,4.0,1,0.4754
Happyguy,5.0,1,0.802
Hardy,4.0,1,0.3612
Havingfunwithmytablet2017,5.0,1,0.8689
Hayden,4.0,1,0.8126
Hello1,4.0,1,0.8591
Herb,4.0,1,0.7783
Hikjer,5.0,1,0.8555
Hillpark,4.0,1,0.5719
Hnterzexwife,4.0,1,0.9168
Hobbymama,4.0,1,0.9042
HondaVtec,4.0,1,0.6705
Honey,5.0,1,0.9042
Hope365,5.0,1,0.6486
Hung,4.0,1,0.8885
ISUgal,4.0,1,0.0
ITGuy,4.0,1,0.3182
Iceman,5.0,1,0.6115
Icemice,5.0,1,0.0258
Ieshia1015,5.0,1,0.5859
Impala69,5.0,1,0.6369
Impressed,4.0,1,0.7269
Ingie,5.0,1,0.802
Intheknow,5.0,1,0.9565
Itsy,4.0,1,0.8519
Izzy,5.0,1,0.9148
JCD1,4.0,1,-0.2732
JCFTJ,5.0,1,0.4404
JENK201,5.0,1,0.6808
JGDomke,5.0,1,0.7845
JOEY777,5.0,1,0.7579
JQisntadumbass,4.0,1,0.0
JWGRANT2,4.0,1,0.5859
Jackie,5.0,1,0.4404
Jada,5.0,1,0.9001
Jaes,5.0,1,0.9442
Jake,4.5,2,0.5700000000000001
James,4.5,4,0.633925
Jamie,4.5,2,0.6908000000000001
Janet,4.0,1,0.6249
JannyD,4.0,1,0.6808
Jasmine92,4.0,1,0.6249
Jay1978,5.0,1,0.91
Jay2017,5.0,1,0.6249
Jaybeecruise,5.0,1,-0.34
Jays,4.0,1,0.8221
Jazthepanda,5.0,1,0.9761
Jazz,5.0,1,0.4939
Jdyeager,4.0,1,0.8779
Jedi007,5.0,1,0.9873
Jedi67,5.0,1,0.908
Jeff,4.0,2,0.6666
Jerichodaman,5.0,1,0.872
Jerry,1.0,1,-0.296
Jessa,4.0,1,0.9313
Jessie,5.0,1,0.8591
Jigs,4.0,1,0.0
JimA,4.0,1,0.8481
JimB88,4.0,1,0.7867
Jimbo,1.0,1,0.7722
Jimmy,4.0,1,0.6597
JimmyC72,5.0,1,0.3182
Jinzheng,4.0,1,-0.8074
JoeAnn,5.0,1,0.8402
JoeLuwis,5.0,1,0.9246
John,4.8,5,0.5868800000000001
JohnHill1964,5.0,1,0.5719
JohnN,5.0,1,0.8442
Johnnyblack,5.0,1,0.9578
Johnuw,4.0,1,-0.4404
Jojo,4.0,1,0.6369
Jonnya,4.0,1,0.4404
Jose,5.0,1,0.765
Josh786,5.0,1,0.9239
JrJangoFet,4.0,1,0.7783
Juj14,4.0,1,0.8442
Julandry,5.0,1,0.9081
Julian,4.0,1,0.8442
Jurn31,4.0,1,0.9451
Justin,5.0,1,0.8779
Jwatamel,5.0,1,0.9805
Jwolfgr,5.0,1,0.8779
KAM2013,5.0,1,0.5719
KEBB,5.0,1,0.8316
KEMU,4.0,1,-0.4404
KKLORRAINE,4.0,1,0.9062
Kacy,5.0,1,0.9231
Kade,4.0,1,0.6908
Kaitkins,5.0,1,0.6369
KaliNupe,5.0,1,0.9118
Kara12,4.0,1,0.9643
Kari93,5.0,1,0.4019
KatNat,4.0,1,-0.3818
Kathy,5.0,1,0.802
Kazee,5.0,1,0.7003
Kdaniels,4.0,1,0.3415
Kdperry,5.0,1,0.9786
Keekee,5.0,1,0.9287
Keith,1.0,1,0.7964
KellyC,5.0,1,0.9432
KellyR,5.0,1,0.8402
Kev,1.0,1,0.9517
Kevdguy,4.0,1,0.128
Kevinredd,5.0,1,0.7964
Keykey,5.0,1,0.9186
Khan,5.0,1,0.802
Kid7735,5.0,1,0.7579
Kindle,5.0,1,0.3612
KindleBuyer,5.0,1,0.765
KindleUser,5.0,1,0.25
Kindleuser,5.0,1,0.802
Kingjames1,5.0,1,0.926
KitKat,5.0,1,0.8707
Kitkat,5.0,1,0.4215
KittyKate,5.0,1,0.7964
Kk4movies,5.0,1,0.7906
Klburg,5.0,1,0.5719
Kld653,5.0,1,0.765
Kml001983,5.0,1,0.6697
Knifus66,4.0,1,0.7579
Korie,5.0,1,0.946
Krisbg,4.0,1,0.8402
Kristen,5.0,1,0.9246
KristenH,5.0,1,0.7845
Kristian,4.0,1,0.8225
Krmjjb,5.0,1,0.6249
Krystinm,5.0,1,0.6697
Kstategirl,5.0,1,0.6369
LADYSPIRIT1956,5.0,1,0.9337
LPark,5.0,1,0.7713
LT17,5.0,1,0.9744
Lady,5.0,1,0.6901
LadyG0726,5.0,1,0.994
Lane,4.0,1,0.7783
Laser301,5.0,1,0.8316
Laurag70,5.0,1,0.6369
Lauri,4.0,1,0.872
LazyParent,5.0,1,0.836
Lecale,5.0,1,0.9062
Leephou,2.0,1,0.2263
Lefty,4.0,1,0.2732
Legs,4.0,1,0.5994
Leticia,5.0,1,0.5719
Letloverule,5.0,1,0.7269
LexieCrews,5.0,1,0.9643
Lexiplexxxxxi,5.0,1,0.8957
LexusTech,3.0,1,0.0516
Lilly,4.0,1,0.3818
Linda,4.0,1,0.8729
Lindle,5.0,1,0.8839
Linna,5.0,1,0.6573
Lionking,4.0,1,0.6486
Lisa,5.0,1,0.891
Lng10,4.0,1,0.8779
Locomotiveman,5.0,1,0.6908
Loops,5.0,1,0.8625
LoungeLizard,5.0,1,0.5994
LoveBestBuy,5.0,1,0.4703
Lovemyhusband,5.0,1,0.0772
Lovestoread,5.0,1,0.9628
Luda78,5.0,1,0.4215
Lulu,5.0,1,0.9498
Lumpy,5.0,1,0.3612
Lvangel10,5.0,1,0.8658
Lyric,4.0,1,0.9337
MARCUS,5.0,1,0.9571
MAT2565,3.0,1,0.6369
MEFlady,4.0,1,0.8519
MJ74,5.0,1,0.7506
MRpopo,5.0,1,0.9896
MRsinc3r3,4.0,1,0.891
MSfromSanDiego,3.0,1,-0.296
MTPockets,5.0,1,0.7783
Mach1,4.0,1,0.4404
Magenta,5.0,1,0.2732
Magoo,5.0,1,0.4404
Mags,5.0,1,0.9501
Makb,5.0,1,0.9382
Mamaw,5.0,1,0.6908
Mandy2016,4.0,1,0.6486
Manhuman,4.0,1,0.7003
Manny,4.0,2,0.30765
Maria,4.0,1,0.5719
Marisha,5.0,1,0.3182
Mark,3.0,2,0.40080000000000005
Mark19525,4.0,1,0.6249
MarkH,5.0,1,0.9186
Mary,5.0,1,0.9581
Matt,4.5,2,0.697
MattL,5.0,1,0.9657
Mattd80,5.0,1,0.7845
Matthew,4.0,1,0.7554
Mavsfan09,4.0,1,0.6597
Maximus,5.0,1,0.946
Mbenefeito,5.0,1,0.7964
MeenaSai,4.0,1,0.1531
MelK,4.0,1,0.9371
Meli,5.0,1,0.765
Melie,5.0,1,0.0
Melmomof3,4.0,1,0.8495
Meme,5.0,1,0.6249
Mere,4.0,1,0.8625
Mgates,5.0,1,0.7845
Mhigb,4.0,1,0.7003
Mia1,5.0,1,0.0516
MiataPam,4.0,1,-0.7717
Mibellazobo,4.0,1,0.875
MichAtty,5.0,1,0.5994
MichVoss,5.0,1,0.8225
Michael,5.0,1,0.4404
Michelle,5.0,1,0.8519
Miguelitotres,5.0,1,0.5106
Mijenx,1.0,1,-0.1027
Mike,4.2,5,0.51848
Mike77,4.0,1,0.34
MikeO,5.0,1,0.4215
Mikey,4.0,1,0.7665
Mikeydsl,5.0,1,0.9062
Mikikami,5.0,1,0.91
Mila,4.0,1,0.5423
Miller,4.0,1,0.7003
Mimi,5.0,1,0.4404
Mingo,3.0,1,0.6705
Moe1,5.0,1,0.6124
Mom23mnkees,5.0,1,0.9186
Mom2twinsplus1,5.0,1,0.765
Momstreets,5.0,1,0.91
Money,5.0,1,0.765
Monica,4.0,1,0.6124
Montgoca27,4.0,1,0.946
Moorthy,5.0,1,0.8221
Morgy,4.0,1,0.4404
Mort1969,5.0,1,0.802
MotivRud,4.0,1,0.6249
MoutainMike,5.0,1,0.9201
MrDB,3.0,1,0.8689
MrDinkleberg,4.0,1,0.7964
MrLemonjello,5.0,1,0.7964
MrMig,4.0,1,0.7579
MrPhilTX,4.0,1,0.875
Mrspooh,5.0,1,0.4404
Mrtnzm4,4.0,1,0.765
Msimon,4.0,1,0.6124
MtnbikerCO,4.0,1,0.4404
Mubashar,5.0,1,0.9781
Munoz425,5.0,1,0.9403
MusicMan,4.0,1,0.4404
MustangAlice,4.0,1,0.9545
Mynameisluist,4.0,1,0.9337
Mynie,5.0,1,0.9781
NIQUE88,5.0,1,0.4939
NKOTB1980,5.0,1,0.6369
Nabb2069,4.0,1,0.6908
Nagrom,5.0,1,0.34
Nana,5.0,1,0.7056
Nancy,5.0,1,0.7184
Naree,4.0,1,0.7717
Nastasiya,5.0,1,0.872
Nater,4.0,1,0.7845
Nede,4.0,1,0.8555
Nelee2,4.0,1,0.6486
Netiks,5.0,1,-0.4019
Newdaze,4.0,1,0.802
Nhoj,5.0,1,0.5859
Nibbler,4.0,1,0.872
Nick,5.0,1,0.7845
Nicky715,4.0,1,0.8225
Nikhani1111,5.0,1,0.765
Niko22,5.0,1,0.802
Nini,4.0,1,0.8176
Noneya,5.0,1,0.4767
Notsotechie,5.0,1,0.6908
Nt1980,5.0,1,0.8176
Nzmolina,5.0,1,0.9552
Obeliahubbard10,5.0,1,-0.4767
Odie,5.0,1,0.7964
OftheCat,5.0,1,0.926
Omak,4.0,1,0.4404
Orion8881118,5.0,1,0.7579
Oz2014,5.0,1,0.4404
Oz87,5.0,1,0.8999
PJWSTKTN,5.0,1,0.9704
Palmor,4.0,1,0.7845
Pame,5.0,1,0.8689
Panther,5.0,1,0.4767
Papa,5.0,1,0.4215
Papajoe,5.0,1,0.9607
Papi2000,5.0,1,0.4019
Pat76,5.0,1,0.6249
Patman,5.0,1,0.7269
Patrick,4.5,2,0.7683500000000001
Paul,4.0,1,0.765
Paul76867467,1.0,1,0.9758
PaulN,5.0,1,0.2006
PaulieC,5.0,1,0.9783
Pauyjuan,4.0,1,0.9249
Payppayp,5.0,1,0.8271
Peanut123,5.0,1,0.7579
Peter,5.0,1,0.8731
Phil,4.5,2,0.8645
Phonemannn,5.0,1,0.5719
PinkyK,5.0,1,0.8979
PivotDave,5.0,1,0.1027
Ponydrvr,5.0,1,0.0
Poppy,5.0,1,0.8126
Posey,5.0,1,0.902
Poudel,5.0,1,0.9217
PowerHungry,4.0,1,0.9118
Preeb,5.0,1,0.9348
Priyesh3d3,5.0,1,0.9781
ProfGeo,5.0,1,0.847
ProudOwner,5.0,1,0.9001
Quiilter,5.0,1,0.0
Quilter,5.0,2,0.40685
Quincy,5.0,1,0.0
Quonsolo,5.0,1,0.6249
RAMTOO,5.0,1,0.9081
REBL72,5.0,1,0.6361
RICKCROW,5.0,1,0.6361
RKK5,5.0,1,0.5719
Rach,1.0,1,0.5908
RagsNJ,5.0,1,0.7964
Raiderlouie,4.0,1,0.8221
Ralpho,5.0,1,0.6249
Randy2,5.0,1,0.4404
Rat1m,5.0,1,0.6369
Ravi,4.0,1,0.9136
RayAraya,1.0,1,-0.5994
Rc21,5.0,1,0.7906
Rdeleon,5.0,1,0.836
Readaholic,5.0,1,0.8834
RecceGuy,4.0,1,0.3612
Redbone,5.0,1,0.7906
RegE,4.0,1,0.8625
ReviewKing101,5.0,1,0.9571
Ricardo1agui,5.0,1,0.7964
Rich,4.5,2,0.6799999999999999
Richardm1981,4.0,1,0.6369
Richie,5.0,1,0.7906
Rick,5.0,1,0.128
RickN2244,5.0,1,0.7003
Rksajw,5.0,1,0.7351
RoRo,5.0,1,0.8316
RoRod1,5.0,1,0.9531
Robbie,5.0,1,0.9423
Robe12,4.0,1,0.5574
Robert,5.0,2,0.7275499999999999
Robin,5.0,1,0.3818
RoboBob,5.0,1,0.6369
Robster,5.0,1,0.7964
Rocio15,5.0,1,0.8834
Rockingham01,5.0,1,0.9217
Rodman22,5.0,1,0.8402
Roge,5.0,1,0.6369
Roger,5.0,2,0.5194
Rolanddet,4.0,1,0.7906
RoosterRock,4.0,1,0.6133
Rosario,5.0,1,0.2263
Roy1979,3.0,1,0.975
RudysReview,3.0,1,0.8807
Ruebaby64,5.0,1,0.9694
Ruggy82,5.0,1,0.6124
Rutele,2.0,1,0.6249
Ruthann,5.0,1,0.5986
Ryan,5.0,2,0.71045
Ryno513,5.0,1,0.4404
RzrBak0402,4.0,1,0.9337
SBMiller,5.0,1,0.6369
SCOTT,5.0,1,0.8834
SKing,4.0,1,0.9178
ST19,5.0,1,0.9062
STEF,5.0,1,0.7096
Sabryna,5.0,1,0.7595
Sadiee,5.0,1,0.802
Safetydude,5.0,1,0.4404
Sail1,5.0,2,0.90435
Salsajammer,5.0,1,0.7506
SamD,4.0,1,-0.7184
Samantha,5.0,1,0.7003
SamtheSham,5.0,1,0.8885
SandeepMeenu,5.0,1,0.8622
Sandi,5.0,1,0.6597
Sandi987,5.0,1,0.7717
SandiD,5.0,1,0.8555
Sandrazztt,5.0,1,0.765
Sandy,4.333333333333333,3,0.2697
SandyJ,5.0,1,0.6865
Santablet,4.0,1,0.6369
Sarah,5.0,1,0.9611
Saratogagal,5.0,1,0.6705
Sassy,5.0,1,0.5563
Satisfiedcustomer2016,4.0,1,0.6369
Satish,5.0,1,0.9325
Satyendra,4.0,1,0.2732
Scangen,4.0,1,0.7906
Scaramouche,4.0,1,0.9628
Schambo,5.0,1,-0.6486
Scoletrain,5.0,1,0.0
Scooby,4.0,1,0.0
Scott,5.0,2,0.42595
Scotty,5.0,1,0.9509
Sean242,5.0,1,0.8625
SeanRyan,5.0,1,0.9432
Servant,4.0,1,0.5267
Servo,3.0,1,0.6908
Sgw4k,5.0,1,0.8442
Shacks,4.0,1,0.9909
Shadyshaw,5.0,1,0.6597
Shae,5.0,1,0.886
Shell,5.0,1,0.9855
Shelleyp,4.0,1,0.9633
Sheri,4.0,1,0.872
ShirlJ13,5.0,1,0.6369
SirFlawless,5.0,1,0.8591
Siv121,4.0,1,-0.3818
Skip,5.0,1,0.0
Slim,5.0,1,0.836
Slowdownson,3.0,1,0.5574
Slydawg,5.0,1,0.8481
Slystone36,5.0,1,0.6369
Smurf,5.0,1,0.9337
Somdguy,4.0,1,0.7269
Sonny,4.0,1,0.8519
Sparky,5.0,1,0.6249
Spencer122799,5.0,1,0.8591
SpencerG,5.0,1,0.9493
Spider,4.0,1,0.7906
Splorticus,5.0,1,-0.1206
Stacey,4.0,1,0.9524
Starscream,5.0,1,0.946
Steph05,5.0,1,0.8609
Stephanie95,5.0,1,0.899
Steve,4.0,1,0.7906
Steve2111,4.0,1,0.7269
SteveDickie,5.0,1,0.4215
SteveTheBloke,4.0,1,0.8074
Stevedb,4.0,1,0.0772
Steven,4.0,1,0.765
Stoked75,5.0,1,0.8519
Stu76,5.0,1,0.7996
Student,5.0,1,0.8519
Style,4.0,1,0.8126
Sugamama,5.0,1,0.34
Sully,5.0,1,0.4019
Sunny,4.0,1,0.34
Superuser37,4.0,1,0.9231
Surya,5.0,1,0.8957
Susan,5.0,1,0.8481
Susie,5.0,1,0.4404
Suzie,5.0,1,0.8519
Swami,4.0,1,0.6908
Sweet17,5.0,1,0.4767
Sweetestnurse,5.0,1,0.765
Syntfyd,4.0,1,0.6249
TACO,5.0,1,0.3612
TAT4,5.0,1,0.9201
TAii,5.0,1,0.5719
THEA,4.0,1,0.8481
TJMilw,5.0,1,0.886
TLMart,4.0,1,0.7506
TMHA,5.0,1,0.9217
TS2Fast,5.0,1,0.8074
Tabby,5.0,1,0.6249
Tang,4.0,1,0.8591
TarHeelMan,4.0,1,0.8176
Tara585,4.0,1,0.765
TashaB,5.0,1,0.7906
Tasharazzi,5.0,1,0.8658
TaterX,5.0,1,0.802
Tattooedindian,5.0,1,0.9042
Teacheeor,5.0,1,0.6369
TechMan,5.0,1,0.5423
Techguy8552,5.0,1,0.5719
Technophile,5.0,1,0.9571
Tere,5.0,1,0.7096
Teri,5.0,1,0.9371
Terk,4.0,1,0.9769
Terri,5.0,1,0.7964
TerriVB,5.0,1,0.5719
Tfisher,4.0,1,0.8158
Tgiberson,5.0,1,0.6597
TheBigGuy,5.0,1,0.0516
TheMaven,5.0,1,0.765
TheVickster,5.0,1,0.9045
Thedoc,4.0,1,0.7764
Themetedun,5.0,1,0.5719
Theresa,4.0,1,0.9709
Thoritz,4.0,1,0.7741
Tiffers,5.0,1,0.6369
Timminsthedj,4.0,1,0.6124
Timothy,5.0,1,0.5994
TimothyDon,4.0,1,0.9618
TinLexington,5.0,1,0.7351
Tina,4.666666666666667,3,0.8433666666666667
Tito,5.0,1,0.8625
Tommy,5.0,1,0.7574
TommyL,5.0,1,0.3612
Tommygun,5.0,1,0.6249
Toryn,5.0,1,0.7906
Trav,5.0,1,0.8689
Trey,5.0,1,0.9493
Trill4Lyf,5.0,1,0.6597
Tron,5.0,1,0.9657
Truckowner,4.0,1,0.0
Truss45,5.0,1,0.8555
Tuowls,4.0,1,0.6249
Tupiman,5.0,1,-0.4767
Unhappy,1.0,1,0.1027
UniversalTaxi,4.0,1,0.8271
Upstart27,5.0,1,0.7003
VAKee,5.0,1,0.5719
Vanessa,5.0,1,0.7783
Veebee,4.0,1,-0.34
Veron,5.0,1,0.7003
Vicki,5.0,1,0.0516
Vikas,5.0,1,0.5719
Vinay,5.0,1,0.9001
Vince,5.0,1,0.0
Vincent,5.0,1,0.6682
Vinny,4.0,1,0.9186
VirginiaSlim,5.0,1,0.8834
WINDY,4.0,1,0.8225
Wanoo,5.0,1,0.6369
WayneRules,4.0,1,0.9136
WdCav,5.0,1,0.4754
Weebee,5.0,1,0.9201
Weiser,4.0,1,0.7845
Wellsmm,5.0,1,0.8555
Welsh,5.0,1,0.946
Wesley,5.0,1,0.765
Westernbabe,5.0,1,0.9604
Whiz,4.0,1,0.3182
Wife,5.0,1,0.6369
Wilemena1,5.0,1,0.9042
Willis1969,5.0,1,0.4404
WoodMan196,4.0,1,0.9299
Woodzy,5.0,1,0.5267
Wouda,2.0,1,-0.34
XJantics,3.0,1,0.0
XYbarra,4.0,1,0.9201
Xaso,5.0,1,0.8689
Xavi67,5.0,1,0.8591
Xiitz,4.0,1,0.7159
XrayDuke,5.0,1,0.8481
Yams,5.0,1,0.9674
Yash,4.0,1,0.7269
Ydg73,5.0,2,0.8533999999999999
Yesman,5.0,1,0.7003
Yo40,5.0,1,0.4767
Yocibby,5.0,1,0.8442
Zach,5.0,1,0.7269
Zanu,5.0,1,0.7964
ZedD71,5.0,1,0.7579
Zephyr7,4.0,1,0.0
Zman4379,1.0,1,-0.6486
Zoey,4.0,1,0.8074
Zoom,5.0,1,0.6705
Zumbaqueen,5.0,1,0.8074
abby,4.0,1,0.743
abrownie,5.0,1,0.8126
achillles26,5.0,1,0.4588
actionhero,5.0,1,0.5423
adedios,4.0,1,0.8979
afolc,5.0,1,0.5719
aiti,4.0,1,0.7003
akatay,5.0,1,0.5719
akilanmc,4.0,1,0.7003
allenr422000,3.0,1,0.4228
alleycat,5.0,1,0.8957
andreselrey112,5.0,1,0.6908
anil,4.0,1,0.4404
ant12,4.0,1,0.6586
apple,4.0,1,0.6486
auntscrappie,5.0,1,0.6124
austin512,5.0,1,0.9231
axis6a,5.0,1,0.0
babe,5.0,1,0.765
barbie54,5.0,1,0.8402
becky,5.0,1,0.7906
bigred268504,5.0,1,0.7346
binbin123,3.0,1,0.6597
bionicbrandon,4.0,1,0.5106
bird,4.0,1,0.5267
blargh22,3.0,1,0.5574
blkbelt2,5.0,1,0.9287
bmtmomma,5.0,1,0.9246
bobalouie101,4.0,1,0.8126
bobby,5.0,1,0.6249
bobr,5.0,1,-0.2263
boosta,5.0,1,0.9413
bpapa24,4.0,1,0.9571
btdpi,4.0,1,0.8822
burns,5.0,1,0.8591
butterfky,5.0,1,0.6369
bworth37,5.0,1,0.0
cableguy513,4.0,1,0.6486
caca,5.0,1,0.7096
caddiewoodlawn,5.0,1,0.4215
caran,4.0,1,0.8555
cbranham26,4.0,1,0.3612
ccrider,4.0,1,0.2732
cdenae25,2.0,1,0.0
chevys10,5.0,1,0.7783
chxfhx,4.0,1,-0.5267
cmorris,5.0,1,0.9657
cns618,5.0,1,0.886
computer,5.0,1,0.8957
cookie1982,5.0,1,0.4404
craig,4.0,1,0.9337
dan1,5.0,1,0.2911
dandandan,5.0,1,0.3182
danm,5.0,1,0.0772
darkangel1010,4.0,1,0.0258
darrenduke,5.0,1,0.8807
daspawn1,4.0,1,0.7906
dave,4.0,1,0.6249
ddrraz,5.0,1,0.5719
debugy,4.0,1,0.9738
dennislwalker,4.0,1,0.1779
devinhenkel,4.0,1,0.3818
djace,5.0,1,0.0
dk22,5.0,1,0.872
dmcgimpsey,5.0,1,0.7184
doglover,4.0,1,0.128
drd1,5.0,1,0.6249
drdonut,5.0,1,0.8934
drs23,5.0,1,0.8402
drumdude51,4.0,1,0.7269
drummer1961,5.0,1,0.7184
dtfan44,5.0,1,0.8979
dutch,4.0,1,0.8834
e325ix,5.0,1,0.886
ellie,5.0,1,0.8591
elm39,4.0,1,0.6597
eman2003,4.0,1,0.1779
ericandlisa,5.0,1,0.8591
erockmon,5.0,1,0.875
escastle,2.0,1,0.4754
evan,4.0,1,0.0
explore42,5.0,1,0.9371
fanofBB,5.0,1,0.9517
fatherof3,4.0,1,0.3612
feverdreamer,4.0,1,0.9705
fitfreak,5.0,1,0.8779
flex3117,4.0,1,0.2023
flexorcist,4.0,1,0.743
floyd,5.0,1,0.0
folkboat,5.0,1,0.8957
frank,5.0,1,0.7845
fred63,5.0,1,0.836
freewheel,5.0,1,0.7351
frheel9,3.0,1,0.8024
fungus42,5.0,1,0.8834
funlewis,5.0,1,0.8618
gUdsNax,4.0,1,0.7783
gabby7901,5.0,1,0.25
gary,4.0,1,0.722
gdallen58,3.0,1,0.5719
gem3390,5.0,1,0.4404
genius,3.0,1,-0.0772
george,5.0,1,0.4404
gina1228,4.0,1,0.9432
girlygirl,5.0,1,0.6369
gloutfita,4.0,1,0.5106
gmdean,5.0,1,0.9136
goglobal,5.0,1,0.7906
goldenApe4,5.0,1,0.9136
gorzalskism,5.0,1,0.9117
gpro1,5.0,1,0.6597
grammys,5.0,1,0.6369
grandma,5.0,1,0.4404
grandmato5,5.0,1,0.8591
grandpa,4.0,1,0.9169
grannybear,5.0,1,0.9313
greeneyes,4.0,1,0.8402
greg,5.0,1,0.8074
hailey,4.0,1,0.6908
harry,5.0,1,0.8519
higear,5.0,1,0.3182
hockey78,5.0,1,0.7269
hotleggs,5.0,1,0.8658
hunni,5.0,1,0.5106
icanjp,2.0,1,0.1027
ilmaestro,5.0,1,0.6908
itstamaral,4.0,1,0.8689
j4446,5.0,1,0.9042
j713rod,4.0,1,0.7783
jack,4.5,2,0.6759
jay5,5.0,1,0.3612
jaycole,4.0,1,0.6249
jdeso,5.0,1,0.9403
jedivang,5.0,1,0.8519
jerbear,1.0,1,0.1857
jerrynindy,5.0,1,0.836
jessxhart,5.0,1,0.7717
jim9311,5.0,1,0.5719
jimtech,4.0,1,0.6705
jjapan21,5.0,1,0.8908
jjhippo,5.0,1,0.9035
jm5658,5.0,1,0.3612
john1509,4.0,1,0.7501
johnbestbuy,5.0,1,0.6486
johnbgood,5.0,2,0.96055
johnjohn,5.0,2,0.30495
johnnyjojojo,4.0,1,0.3612
johnuc,5.0,1,0.8519
jubyjack,5.0,1,0.8519
judr,3.0,1,0.4215
juice,4.0,1,0.4404
jules,5.0,1,0.8779
julian,5.0,1,0.7906
justme,5.0,1,0.9274
jyba257,5.0,1,0.7346
katrina,5.0,1,0.7964
katt,4.0,1,0.4404
kayakmeme,5.0,1,0.5267
kayew,5.0,1,0.9413
kcladyz,2.5,2,0.4568
kdla,4.0,1,0.7269
kenney,5.0,1,0.7964
kev723,4.0,1,0.6597
kgold,5.0,1,0.1027
khob,1.0,1,0.1546
kjella,5.0,1,0.9337
kkarter1,5.0,1,0.8858
klthor,5.0,1,0.6369
kokirios77,5.0,1,0.6369
kosch11,4.0,1,0.6486
kristijudy,4.0,1,0.4019
ks1104,5.0,1,0.2944
kxdgal,4.0,1,0.7351
labinoh,5.0,1,0.4767
lauerranch,5.0,1,0.2732
ldouglas,5.0,1,0.6249
lens,4.0,1,0.7096
lhh17,5.0,1,0.7964
liltweetaf,5.0,2,0.8605
lily,5.0,1,0.8689
lindee,5.0,1,0.9545
lizarend,5.0,1,0.973
llyyue,3.0,1,0.875
lmo28,4.0,1,0.743
lowellj,5.0,1,0.9262
ltrainw,5.0,1,0.7915
lucky,5.0,1,0.4939
luckybug,5.0,1,0.7906
lynxie,4.0,1,0.7717
macfan,5.0,1,0.5676
magnoliacorner,4.0,1,0.9371
maintenance,5.0,1,0.7906
malabrot,5.0,1,0.8074
manielmoth,4.0,1,0.872
mao1,5.0,1,0.8689
markbo52,5.0,1,0.8903
mary,5.0,1,0.6369
maximo,5.0,1,0.6369
mcfry,5.0,1,0.8176
merry,4.0,1,-0.6486
microwave,5.0,1,0.8519
mike,5.0,3,0.6713
mimmo,5.0,1,0.6697
mishka54,5.0,1,0.7783
missy,5.0,1,0.9042
mjcooke32,5.0,1,0.7906
mlballer19,4.0,1,0.1851
monkey,4.0,1,0.3818
mook,5.0,1,0.7964
mother,4.0,1,0.3612
mruiz9,4.0,1,0.6597
mswallstreet,4.0,1,0.0
myja,5.0,1,0.6249
nancy,4.0,1,0.7096
nanny,4.0,1,0.8316
natenkatesmom,5.0,1,0.3612
ndfer,4.0,1,0.7783
nikhil34,4.0,1,0.7845
njguy,5.0,1,0.886
nocookinval1,5.0,1,0.5719
noname,5.0,1,0.6486
notonfire1,2.0,1,0.4404
notsolittlesnake,5.0,1,0.4767
okrednekgal,5.0,1,0.9477
oldandretired,4.0,1,0.7579
oldungeek,4.0,1,0.9246
pancho,5.0,1,0.5719
patn,5.0,1,0.936
pdskee,5.0,1,0.9855
peter,4.0,1,0.7906
photodog,4.0,1,0.4588
pikeman43,5.0,1,0.9633
pjae4121,5.0,1,0.5574
pointermom,4.0,1,-0.0258
pops,4.0,1,0.2023
purebusiness1,5.0,1,0.8588
ralexander422,5.0,1,0.8555
rchat,4.0,1,0.5574
rcuti,5.0,1,0.836
reviewfortherewardspoints,4.0,1,0.765
richard,5.0,3,0.7192333333333334
rick,5.0,1,0.2023
rkfb,4.0,1,0.765
rksj0000,5.0,1,0.8834
rmitchell,4.0,1,0.1531
rmwarriors,5.0,1,0.8591
rob61,4.0,1,0.6369
robz,5.0,1,-0.1298
ronin,4.0,1,0.4404
rovervic,5.0,1,0.9153
roxxx,5.0,1,0.0717
runtsky,5.0,1,0.9623
rusty,5.0,1,0.8519
sAris,5.0,1,0.6369
sally,5.0,1,0.8591
sansspaces,5.0,1,-0.128
sassysenior,5.0,1,0.9898
sayhi2yamuda4me,5.0,1,0.6597
sebo1,4.0,1,0.765
semojr,5.0,1,0.8761
sg77,5.0,1,0.8555
shawbonez,5.0,1,0.4482
sherrybaby131,5.0,1,0.9493
shopgirl282,5.0,1,0.3612
shopguy58,5.0,1,0.672
shywon,5.0,1,0.7506
simmer,4.0,1,0.872
sjmnemm,5.0,1,0.8581
skippy,5.0,1,0.0
slappy1,5.0,1,-0.34
slash,5.0,1,0.7351
slgtr1,5.0,1,0.6369
smart1,4.0,1,0.0516
smoothrider12345678,5.0,1,0.7841
smurfany,5.0,1,0.6369
sotired,4.0,1,0.4404
sportsmom5,5.0,1,0.8591
sreekanth,4.0,1,0.9189
ssgtbear,5.0,1,0.0
st2005,5.0,1,0.8658
steve,2.0,1,-0.4767
stoney,5.0,1,0.5606
stumpy,5.0,1,0.7906
summer2913,5.0,1,0.765
susie,5.0,2,0.8834
suzannalicious,5.0,1,0.9682
tablet,4.0,1,0.908
talkagain,5.0,1,0.6369
tamtts1948,5.0,1,0.9118
tealady,4.0,1,0.7713
tech7,5.0,1,0.6908
techy,5.0,1,0.0
tfly,5.0,1,0.6597
theBest,4.0,1,0.9716
thegreatma,4.0,1,0.8316
thehands,5.0,1,0.9325
tinfamous12,5.0,1,0.8442
tinkerbell,5.0,1,0.802
tinnygirl,5.0,1,0.6369
tklit,5.0,1,0.7096
tld2,4.0,1,0.4404
tre48,5.0,1,-0.2023
treehuggnmom,5.0,1,0.7506
truman,5.0,1,0.9042
ttom,4.0,1,0.8271
tukstr,5.0,1,0.8225
turtle,1.0,1,0.25
turtlechele,5.0,1,-0.0258
tvman1,5.0,1,0.0
ucantcme69,5.0,1,0.8779
verybusymom3,4.0,1,0.9186
vickybee,5.0,1,0.9838
voltman,4.0,1,0.9538
washer,4.0,1,0.8555
wcy405100,5.0,1,0.8519
winstonsdad,4.0,1,0.4019
xpolo21,4.0,1,0.872
yagga,4.0,1,0.7003
yespicklejuiceisgood,4.0,1,0.0
yhmitchell,5.0,1,0.9062
youngblood,5.0,1,0.886
younma,5.0,1,0.9423
